SeqID,Prediction_Class,Prediction_Probability,Sequence
peptide0,Non-AMP,0.1361,ETGEAAAWPRAYYGGG
peptide1,Non-AMP,0.0053,AAAAHAGHHSGKPD
peptide2,AMP,0.7466,KAAWYRGAPHGKDYHQHKKG
peptide3,AMP,0.8666,IDTSHYAEAHHHYHHKGYEYTGAYRKTEHGYPHDHHRKY
peptide4,Non-AMP,0.2022,IAFLGRHKHAECPHKYHHR
peptide5,AMP,0.6587,FAAAWRKYSGYK
peptide6,AMP,0.6926,EPAAAGSYAKHGGHYHKRGYYHKHHD
peptide7,AMP,0.7701,VAAAVAAIYGRPGRGPPKGY
peptide8,AMP,0.5168,DAAEKAHGPGRGYG
peptide9,Non-AMP,0.0885,WASRAKSKKGDYYP
peptide10,AMP,0.775,QAGSTRKAFYPAGR
peptide11,AMP,0.8038,CAAHKAPGHR
peptide12,Non-AMP,0.1132,AKADAEEGYHYPWKPKGRGD
peptide13,AMP,0.5347,DATWVFAYHYYYHHYHGPYR
peptide14,AMP,0.9933,HAAYAHWRKRGHYYYYKKYP
peptide15,Non-AMP,0.0428,IFRAAAKAHKHPDDYHGKSG
peptide16,Non-AMP,0.0863,TAAAGLQYKHTHHDDYYRGG
peptide17,Non-AMP,0.3182,YAAIKAYRKPHG
peptide18,Non-AMP,0.0615,ACAAAATQKDKKGHH
peptide19,AMP,0.9467,VAAAHHVPGDPCPYPHPKKY
peptide20,Non-AMP,0.1316,HVRAAAAAPDHYCYHG
peptide21,Non-AMP,0.4665,VAQKQDCRQYHHSHYYHRPG
peptide22,AMP,0.9955,QAMATGAYDHYYNRHHHRPYYGKDKHYHGGYPGG
peptide23,AMP,0.8115,IALHAAYHHVYYRGFYLHYG
peptide24,Non-AMP,0.1056,RAAAAANRKYHHYGYAYDYK
peptide25,AMP,0.9979,WAAYGLPHPNYDHYYIPHGKHPFYYRHHYRGYYYRKHYYD
peptide26,AMP,0.7424,KAKYAKGYYY
peptide27,AMP,0.8354,AAAARQYYKRYYGKGYPGR
peptide28,AMP,0.865,GAAHGRHWKKYHGDRKRGGC
peptide29,AMP,0.51,QAAATEIRGPYYGYK
peptide30,Non-AMP,0.0071,MAYAAKDADFGGQ
peptide31,Non-AMP,0.0735,KARAKACAGHGD
peptide32,Non-AMP,0.3589,FAAAGPARKDY
peptide33,AMP,0.9953,HAANPADHKPHKRDHRSKKGKKGHHDHGHGYPRPK
peptide34,Non-AMP,0.1737,MAAKCAFHPMH
peptide35,AMP,0.9967,EAAAAAAEGGYDKHYGHYYYHGRYLPHSGHHKGGPHPGK
peptide36,AMP,0.9002,DAAAAYGTGRPPKHHYYYGR
peptide37,AMP,0.998,PAAKHSARGGGYQMHYHYHHKHRHGYHKYPGYPHGY
peptide38,AMP,0.6978,EARLADDRAKRRGYGYGHYG
peptide39,Non-AMP,0.1441,NAGGLHDHGYPH
peptide40,AMP,0.7454,NTADFKAYYLRYRGPPHRY
peptide41,AMP,0.9995,YAAYRAYYKPHDHYAHHKYHHRHGKGGKHYHPPCP
peptide42,Non-AMP,0.2983,KVAAAYHMARGY
peptide43,Non-AMP,0.1845,CAAAGARHKHHL
peptide44,AMP,0.887,RAPWAAMHAGRK
peptide45,Non-AMP,0.3416,VAAHAARFPG
peptide46,Non-AMP,0.1743,EAGRQGPFHYA
peptide47,Non-AMP,0.4904,PAAAHGYTHG
peptide48,AMP,0.6497,DAAGCHHGYRGYKYYH
peptide49,Non-AMP,0.2289,VAAGAASYKG
peptide50,Non-AMP,0.4572,LARAGAKPWGAGY
peptide51,AMP,0.7992,YAAGAYHHKAGRGPGHHHRGPKQYRGDHPDK
peptide52,AMP,0.9822,NAHAAPHPHGYWRGPHGYGY
peptide53,AMP,0.7239,WAARKRKPYGKGYYDRYG
peptide54,AMP,0.7141,HQAHAYYYKYYHYDPGGFRG
peptide55,AMP,0.7098,DAAAPDMYPGAYCYKYYYHSHK
peptide56,Non-AMP,0.0115,CMYLAGRGDHHHGDCYHHRG
peptide57,AMP,0.9966,IEAASYHNGYGYPPKGGGGYHDYYYYGHSRGYGHKPP
peptide58,Non-AMP,0.0085,LMAASYVSPKD
peptide59,AMP,0.9829,DAAKFADPCYKKPYHRK
peptide60,AMP,0.6168,IMKGRRLTQRKRG
peptide61,AMP,0.9953,EMAPADRDTYKAHPYPHPKVGYKYHPYGYRGH
peptide62,AMP,0.9936,PAAAHAVYYRGSCCHKSRHHY
peptide63,AMP,0.6794,KAAMKAAPPGYGHYHPHH
peptide64,AMP,0.7401,RAQAAANHYKYGYTSYSPGDYPYKGGRHGKDPHYHIAEH
peptide65,AMP,0.8606,NAAHRPAHDGYGKPRKAHKG
peptide66,Non-AMP,0.2294,GAAAAIPSGGFPRDY
peptide67,AMP,0.9539,NAFRKRGTCY
peptide68,AMP,0.8848,NHAGGPAAGGYGYHGYPKKR
peptide69,Non-AMP,0.2402,HYYGAMAAGKYR
peptide70,AMP,0.9564,KAAAYAVLHRHYYHHPYGPPRGR
peptide71,AMP,0.9972,DAAYASHGYHKHPGHYHPHTGYIGFGKHYHHPRGG
peptide72,Non-AMP,0.0422,YACARPKYGD
peptide73,AMP,0.7698,GAAVAAHYHKCGY
peptide74,AMP,0.9997,VAVGSHIKPGAHRGRYGRHYGRRYRHPYNDYRKGRGRG
peptide75,AMP,0.5953,IYAYATRKRSHHQYSYHYGP
peptide76,Non-AMP,0.1832,GAAAKGHGHG
peptide77,AMP,0.9881,RACFDFWKKA
peptide78,Non-AMP,0.1551,PAADGKRRLYAGAP
peptide79,AMP,0.9997,KASAWDAIGHHWKHPRGHGGRGKRGPHYKYKDPY
peptide80,AMP,0.9828,VHQAAKHVYHGYHYHQGPHP
peptide81,Non-AMP,0.1091,IAPAAAMNPGHP
peptide82,Non-AMP,0.0047,MYAHAGQRYFERKHEFYGHG
peptide83,AMP,0.7234,CAAAPAKYPKHHQYP
peptide84,Non-AMP,0.1742,IAAAGYAPGLDIRGRPYGHG
peptide85,AMP,0.9997,CRAPGKAREWSRDHHHGYKHHHPKYKYYGYGYHYYYYHGH
peptide86,AMP,0.6642,MAAYIRAVYKPR
peptide87,Non-AMP,0.0342,PAAAAAADYKYH
peptide88,Non-AMP,0.0011,KAAAIALPEDSKDY
peptide89,Non-AMP,0.03,DAYAAAGAPD
peptide90,Non-AMP,0.1263,HYLFAKIHDYHGHHYRPAHK
peptide91,Non-AMP,0.1318,WAHAGAAGYT
peptide92,AMP,0.9924,MAACDSAIEHRHHHKVYYWHRHHYDYKPPYPPDKGSKR
peptide93,Non-AMP,0.3144,HAFAAAYRGH
peptide94,Non-AMP,0.0024,SDCAAANSGADYHSP
peptide95,AMP,0.9242,PAAFPLKAYTHYPPRP
peptide96,AMP,0.9067,RAATAFHHPYGGGYPHYYYY
peptide97,Non-AMP,0.0428,FCAPMRKDKYYD
peptide98,AMP,0.7301,KAGPAHTRKNMH
peptide99,AMP,0.9972,FAPGPAHAGRYFHYGPRKGH
